clean_name_fglmy,clean_name_verified
NOKIABELLLAB,ATANDTBELLLAB
STANDARDOILDEV,STANDARDOIL
BENDIXAVIATION,BENDIX
INTSTANDARDELECISEC,INTSTANDARDELEC
BEAZEREAST,BEAZERWEST
BRIDGESTONEFIRESTONE,BRIDGESTONE
BASFSCHWEIZ,BASF
COLLINSRADIO,ROCKWELLCOLLINS
AMERNVISCOSE,COURTAULDSENG
BAKERPETROLITE,BAKERHUGHES
AMERNSTEELFOUNDRIES,ASFKEYSTONE
WINGFOOT,GOODYEARTIREANDRUBBER
ELILILLYGB,ELILILLY
RAYTHEONMFG,RAYTHEONTECH
WESTERNUNIONTELEGRAPH,WESTERNUNION
SULZER,SULZERBROS
BENDIXBRAKE,BENDIX
PUREOIL,UNIONOILOFCALIFORNIA
SPERRYGYROSCOPE,SPERRY
UNDERWOODELLIOTTFISHER,OLIVETTI
SERVEL,ELECTROLUX
UNIONSPECIALMACHINE,UNIONSPECIAL
BUDDEDWARDGMFG,BUDD
GEIGYJR,CIBAGEIGY
EATONMFG,HOBOURNEATON
TIMKENROLLERBEARING,TIMKEN
YALEANDTOWNEMFG,YALESECURITY
PANAMERNPETROLEUM,BPAMOCO
WINTHROPCHEM,STERLINGDRUG
WESTINGHOUSELAMP,WESTINGHOUSEELEC
AMERNRADIATORANDSTANDARDSANITARY,AMERNSTANDARDMFG
MSASAFETY,MINESAFETYAPPLIANCES
MALLINKRODTGP,MALLINCKRODT
LINDEAIRPROD,LINDE
LEITZERNSTWETZLAR,ERNSTLEITZWETZLAR
SCHLUMBERGERWELLSURVEYING,SCHLUMBERGERTECH
CARBIDEANDCARBONCHEM,UNIONCARBIDE
MCGRAWELEC,MCGRAWEDISON
DIAMONDALKALI,DIAMONDSHAMROCK
CIBAPHARMPROD,CIBAGEIGY
DOUGLASAIRCRAFT,MCDONNELLDOUGLAS
ROCKWELLMFG,ROCKWELLINT
CHAINBELT,REXNORDIND
LINKBELT,FMC
DELCOREMY,REMYTECH
NORDBERGMFG,REXNORDIND
HOUDAILLEHERSHEY,HOUDAILLEIND
BROWNINSTR,HONEYWELLINT
AMERNSMELTINGREFINING,ASARCO
LEERAYMONDORG,RAYMONDLEEORG
AMERNBRAKESHOE,ABEX
KELSEYHAYESWHEEL,KELSEYHAYES
ELECSTORAGEBATTERY,EXIDETECH
HOLLEYCARBURETOR,HOLLEYPERFORMANCEPROD
WALDORFPAPERPROD,HOERNERWALDORF
WORTHINGTONPUMPANDMACHINERY,WORTHINGTONPUMP
GENSTEELCASTINGS,GENSTEELIND
BUDDWHEEL,BUDD
NASHKELVINATOR,AMERNMOTORS
NATANILINEANDCHEM,ALLIEDCHEM
CARTERCARBURETOR,ACFIND
AVCOMFG,AVCO
GENMOTORSRESEARCH,GENMOTORS
BEMISBROBAG,BEMIS
NATLMALLEABLEANDSTEELCASTINGS,NATLCASTINGS
GLASSMARVINANDASSOCIATES,MARVINGLASSANDASSOCIATES
GLENNLMARTIN,MARTINMARIETTAENERGYSYS
REEDROLLERBIT,CLECO
ACSPARKPLUG,GENMOTORS
WRIGHTAERONAUTICAL,CURTISSWRIGHT
ALCATEL,ALCATELLUCENT
SYMINGTON,CHSYMINGTON
UNITEDCARR,TRWUNITEDCARR
SAABBOFORS,SAAB
ENGELHARDIND,ENGELHARD
USSLICINGMACHINE,BERKEL
BENDIXPROD,BENDIX
BENDIXWESTINGHOUSEAUTOMOTIVEAIRBRAKE,BENDIXWESTINGHOUSE
CBSBROADCASTING,CBSINTERACTIVE
TRUMBULLELECMFG,GENELEC
SPERRYPROD,SPERRY
RKLEBLONDMACHINETOOL,LEBLOND
STANDARDOILOFCALIFORNIA,CHEVRONUS
CARNEGIEILLINOISSTEEL,USSTEEL
NATCARBON,GRAFTECHINT
UNITEDGASIMPROVEMENT,UGI
BASSICK,ALEMITE
AIRLIQUIDE,AMERNAIRLIQUIDE
UNIONMETALPROD,UNIONMETAL
ECLIPSEMACHINE,BENDIX
WESTVIRGINIAPULPANDPAPER,MEADWESTVACO
VANDERLELYC,CVANDERLELY
OHIOCRANKSHAFT,PARKOHIOIND
KEPPELLETOURNEAUUS,KEPPELOFFSHOREANDMARINETECHCENTRE
SINGERGENPRECISION,SINGERANDSOHN
WALLACEANDTIERMAN,WALLACEANDTIERNAN
WESTONELECINSTR,WESTONINSTR
DEEREMFG,DEERE
ADLAKE,ADAMSANDWESTLAKE
PENNELECSWITCH,PENNCONTROLS
PIERCEJOHNBFOUNDATION,JOHNBPIERCELAB
LYON,LYONMETALPROD
GENELECVAPORLAMP,GENELEC
CELANESECOATINGS,CELANESE
ROCKWELLSTANDARD,ROCKWELLINT
CLEVELANDPNEUMATICTOOL,CLECO
ANCHORCAPANDCLOSURE,ANCHORHOCKING
HOCKINGGLASS,ANCHORHOCKING
ANCHORHOCKINGGLASS,ANCHORHOCKING
UDYLITE,OXYMETALIND
AMERNMACHINEANDMETALS,AMETEK
TABULATINGMACHINE,INTBUSINESSMACHINES
WESTERNCARTRIDGE,OLIN
SOLVAYPROCESS,ALLIEDCHEM
GRASSELLIDYESTUFF,EIDUPONTDENEMOURS
RELIANCEELECANDENG,RELIANCEELECTECH
PFAFFGM,GMPFAFF
DELCOPROD,DELCOELECTRONICS
FEDTELEGRAPH,ITTMFGENTPR
NAUGATUCKCHEM,UNIROYAL
DRAHTLOSETELEGRAPHIE,TELEFUNKEN
CALLERYCHEM,MINESAFETYAPPLIANCES
BRYANTELEC,WESTINGHOUSEELEC
GENTELEPHONELAB,GENTELEPHONE
GENTELEPHONEANDELECT,GENTELEPHONE
CENTRENATLDELARECHERCHESCIENTIFIQUECNRS,CENTRENATLDELARECHERCHESCIENTIFQUECNRS
KURASHIKIRAYON,KURARAY
VILBISS,DEVILBISSHEALTHCARE
GRASSELLICHEM,EIDUPONTDENEMOURS
WESTVACO,MEADWESTVACO
NATIONALEDESPETROLESAQUITAINE,SOCNATIONALEDESPETROLESDAQUITAINE
EDWINLWIEGAND,CHROMALOX
TENNESSEVALLEYAUTHORITYATV,TENNESSEEVALLEYAUTHORITY
CHICAGOTELEPHONESUPPLY,CTS
MONROECALCULATINGMACHINE,MONROESYSFORBUSINESS
PARKERAPPLIANCE,PARKERHANNIFIN
LANDISMACHINE,LANDISSOLTNS
COLUMBIANCARBON,COLUMBIANCHEM
HYGRADESYLVANIA,SYLVANIAELECPROD
COLUMBIASOUTHERNCHEM,PPGINDOHIO
FARRELBIRMINGHAM,FARREL
CREED,ITTMFGENTPR
WESTINGHOUSEELECELEVATOR,WESTINGHOUSEELEC
AMERNRADIATOR,AMERNSTANDARDMFG
APEXELECMFG,WHITECONSIND
AVERYDENNISONOFFICEPROD,AVERYDENNISON
YARDNEYINT,YARDNEYTECHNICALPROD
ESSEXWIRE,SUPERIORESSEXINT
EMHARTMFG,EMHARTGLASS
TECHNICOLORMOTIONPICTURE,TECHNICOLORUS
BRUNSWICKBALKECOLLENDER,BRUNSWICK
METROPOLITANVICKERSELEC,ASSDELECINDUSTIRES
ACCUMULATEURSFIXESETDETRACTIONSAFT,SAFT
CRUCIBLESTEELUS,CRUCIBLEMATERIALS
HOUDEENG,HOUDAILLEIND
BRAGGKLIESRATH,BENDIX
BALDWINDH,BALDWINPIANOANDORGAN
OILWELLSUPPLY,USSTEEL
AMERNLURGI,LURGI
AMERNBRAKESHOEANDFOUNDRY,ABEX
CONCHINTMETHANE,BRITISHGASTRADING
FEDDERSMFG,FEDDERS
CONGOLEUMNAIRN,CONGOLEUM
ELECTROLUXSERVEL,ELECTROLUX
BIGELOWSANFORDCARPET,BIGELOWSANFORD
LOCKEINSULATOR,NGKINSULATORS
ALFREDGAUTHIER,PRONTORWERKALFREDGAUTHIER
SCHOLLMFG,SCHOLLSWELLNESS
BURROUGHSADDINGMACHINE,BURROUGHS
CHICAGOFLEXIBLESHAFT,SUNBEAMPROD
OFFICENATLDETUDESETDERECHERCHESAEROSPATIALES,ONERAOFFICENATLDETUDESETDERECHERCHESAEROSPATIALES
GEODROPER,ROPERIND
AMERNSTOVE,MAGICCHEF
REMINGTONTYPEWRITER,REMINGTONRAND
MERCKE,MERCK
MERCKEPROVA,MERCK
HOODRUBBER,BFGOODRICH
FULLERLEHIGH,BABCOCKANDWILCOX
WOODCONVERSION,WEYERHAUSER
COMPAGNIEFRANCAISETHOMSONHOUSTON,ALSTOMTECH
SUNDSTRANDMACHINETOOL,SUNDSTRAND
DIETZGENEUGENE,DIETZGEN
NESTLEPURINAPETCARE,RALSTONPURINA
PHMURPHY,STANDARDRAILWAYEQUIPMENTMFG
HARRISSEYBOLDPOTTER,HARRISINTERTYPE
CURTISSAEROPLANEANDMOTOR,CURTISSWRIGHT
EMERSONELECMFG,EMERSONELEC
BRANSONINSTR,BRANSONULTRASONICS
DAYTONRUBBER,MARKIVIND
INDEPENDENTPNEUMATICTOOL,THORPWRTOOL
DELCOLIGHT,DELCOELECTRONICS
VOITHJM,VOITH
NATALUMINATE,NALCOCHEM
HALLIBURTONOILWELLCEMENTING,HALLIBURTONENERGYSVCS
AROEQUIPMENT,ARO
ELASTICSTOPNUT,ESNATECH
ITALIANARESINESIRSOC,SOCIETAITALIANARESINESTRSPA
ELITEXZAVODYTEXTILNIHO,ELITEXKONCERNTEXTILNIHOSTROJIRENSTVI
OLININD,OLIN
