clean_name_child,clean_name_parent
3M,3MINNOVATIVEPPTYS
ABBOTTCARDIOVASCULARSYS,ABBOTTLAB
ABBOTTDIABETESCARE,ABBOTTLAB
ABBOTTMOLECULAR,ABBOTTLAB
ABBOTTPOINTOFCARE,ABBOTTLAB
AIRBUSDEFENCEANDSPACESAU,AIRBUSOPERATIONS
AIRBUSDEUTSCHLAND,AIRBUSOPERATIONS
AIRBUSESPANA,AIRBUSOPERATIONS
AIRBUSFRANCE,AIRBUSOPERATIONS
AIRBUSHELICOPTERS,AIRBUSOPERATIONS
AIRBUSSAS,AIRBUSOPERATIONS
AIRBUSUK,AIRBUSOPERATIONS
DAIMLERCHRYSLERAEROSPACEAIRBUS,AIRBUSOPERATIONS
DEUTSCHEAEROSPACEAIRBUS,AIRBUSOPERATIONS
NORTHERNTELECOM,AIRBUSOPERATIONS
AISINAW,AISINSEIKI
AISINTAKAOKA,AISINSEIKI
AISINTECHNICALCENTERUS,AISINSEIKI
ALLIEDCHEM,ALLIEDTRADINGANDMARKETING
ALPSALPINE,ALPSELEC
AMERNTELEPHONEANDTELEGRAPH,ATANDT
BAKERPETROLITE,BAKERHUGHES
BAYERSCHERINGPHARM,BAYER
BOARDOFREGENTSOFLELANDSTANFORDJUNIORUNIVERSITY,BOARDOFTRUSTEESOFLELANDSTANFORDJUNIORUNIVERSITY
BROTHERIND,BROTHERKOGYO
BROTHERINT,BROTHERKOGYO
CANONDENSHI,CANON
CANONUSLIFESCIENCES,CANON
CASIOKEISANKI,CASIOCOMPUTER
CHRYSLERMOTORS,CHRYSLERGP
CNHINDCAN,CNHINDUS
CABLECORNINGSYS,CORNING
CORNINGGILBERT,CORNING
CORNINGPRECISIONMATERIALS,CORNING
DELLMARKETINGUS,DELLPROD
DELLSOFTWARE,DELLPROD
DELLUSALP,DELLPROD
DELPHIINTOPERATIONSLUXEMBOURG,DELPHITECH
DOWAGROSCIENCES,DOWCHEM
DOWBRANDS,DOWCHEM
DOWGLOBALTECH,DOWCHEM
DOWSILICONES,DOWCHEM
DOWTECHIVT,DOWCHEM
KODAKGRAPHICCOMMCAN,EASTMANKODAK
KODAKPOLYCHROME,EASTMANKODAK
EATONINTELLIGENTPWR,EATON
DUPONTCAN,EIDUPONTDENEMOURS
DUPONTCELLOPHANE,EIDUPONTDENEMOURS
DUPONTFILMMFG,EIDUPONTDENEMOURS
DUPONTNUTRITIONBIOSCIENCES,EIDUPONTDENEMOURS
DUPONTRAYON,EIDUPONTDENEMOURS
DUPONTUK,EIDUPONTDENEMOURS
DUPONTVISCOLOID,EIDUPONTDENEMOURS
NIPPONMITSUBISHIOIL,ENEOS
EXXONMOBILCHEMPATENTS,EXXONMOBILOIL
EXXONMOBILRESEARCHANDENG,EXXONMOBILOIL
EXXONMOBILUPSTREAMRESEARCH,EXXONMOBILOIL
EXXONCHEMPATENTS,EXXONRESEARCHANDENG
FANUCROBOTICSUS,FANUC
FORDAEROSPACEANDCOMM,FORDGLOBALTECH
FORDMOTOR,FORDGLOBALTECH
FUJIPHOTOOPTICAL,FUJI
FUJITSUDISPLAYTECH,FUJITSU
FUJITSUOPTICALCOMPONENTS,FUJITSU
GMGLOBALTECHOPERATIONS,GENMOTORS
MOTORSLIQUIDATION,GENMOTORS
GLOBALFOUNDRIESSINGAPORE,GLOBALFOUNDRIESUS
GOODYEARAEROSPACE,GOODYEARTIREANDRUBBER
GOODYEARZEPPELIN,GOODYEARTIREANDRUBBER
HEWLETTPACKARDINDPRINTING,HEWLETTPACKARDDEV
HITACHIELECTRONICSENG,HITACHI
HITACHIGLOBALSTORAGETECHNETHERLANDS,HITACHI
HITACHIKOKUSAIELEC,HITACHI
HITACHISEIKO,HITACHI
HITACHISOFTWAREENG,HITACHI
HITACHIVIAMECHANICS,HITACHI
HONDAGIKENKOGYO,HONDAMOTOR
HONDARESEARCHINSTITUTEEUROPE,HONDAMOTOR
HONEYWELLASCA,HONEYWELLINT
HONEYWELLFEDERALMFGANDTECH,HONEYWELLINT
HONEYWELLINFORMATIONSYS,HONEYWELLINT
HONEYWELLMEASUREX,HONEYWELLINT
HONEYWELLNORMALAIRGARRETT,HONEYWELLINT
HONEYWELLTECH,HONEYWELLINT
HUAWEIDEVICE,HUAWEITECH
HYUNDAIAUTRON,HYUNDAIMOTOR
HYUNDAIDYMOS,HYUNDAIMOTOR
HYUNDAIMOBIS,HYUNDAIMOTOR
ICIAMERICAS,IMPERIALCHEMIND
ICICAN,IMPERIALCHEMIND
ICIUS,IMPERIALCHEMIND
IBM,INTBUSINESSMACHINES
INTELDEUTSCHLAND,INTEL
BEIJINGLENOVOSOFTWARE,LENOVOSINGAPORE
LENOVOINNOVATIONSHONGKONG,LENOVOSINGAPORE
LGCHEM,LGELECTRONICS
LGCNS,LGELECTRONICS
LGFUELCELLSYS,LGELECTRONICS
LGHOUSEHOLDANDHEALTHCARE,LGELECTRONICS
LGINNOTEK,LGELECTRONICS
LGLIFESCIENCES,LGELECTRONICS
LGSEMICON,LGELECTRONICS
MARVELLASIA,MARVELLINT
MARVELLISRAELMISL,MARVELLINT
MARVELLWORLDTRADE,MARVELLINT
MATSUSHITAELECIND,MATSUSHITAINDUSTRY
MATSUSHITAELECTRONICS,MATSUSHITAINDUSTRY
MATSUSHITAELECUS,MATSUSHITAINDUSTRY
MATSUSHITAGRAPHICCOMMSYS,MATSUSHITAINDUSTRY
MATSUSHITAREFRIGERATION,MATSUSHITAINDUSTRY
MEDIATEKINCORPORATION,MEDIATEK
MERCKEPROVA,MERCK
MERCKSERONO,MERCK
MITSUBISHIHEAVYINDMACHINETOOL,MITSUBISHI
MOBILSOLARENERGY,MOBILOIL
MONSANTOCHEM,MONSANTOTECH
MOTOROLAMOBILITY,MOTOROLASOLTNS
MURATAMACHINERY,MURATAKIKAI
INTHARVESTER,NAVISTARINT
NAVISTARINTTRANSPORTATION,NAVISTARINT
NATLCASHREGISTER,NCR
NCRCANNCRCANLTEE,NCR
NECCHINA,NEC
NECCOMMSYS,NEC
NECCOMPOUNDSEMICONDUCTORDEVICES,NEC
NECELECTRONICSUS,NEC
NECENERGYDEVICES,NEC
NECHEMCAT,NEC
NECHOMEELECTRONICS,NEC
NECINFRONTIA,NEC
NECLCDTECH,NEC
NECSOLUTIONINNOVATORS,NEC
NECVIEWTECHNOLOGYTRADINGSHENZHEN,NEC
NISSANDIESELMOTOR,NISSANMOTOR
NISSANJIDOSHA,NISSANMOTOR
NISSANNAM,NISSANMOTOR
NISSANTECHNICALCENTERNAM,NISSANMOTOR
NOKIAMOBILEPHONES,NOKIATECH
NOKIASOLTNSANDNETWORKS,NOKIATECH
NOKIATELECOM,NOKIATECH
NOKIAUS,NOKIATECH
NORTHROPGRUMMANGUIDANCEANDELECTRONICS,NORTHROPGRUMMANSYS
NORTHROPGRUMMANSPACEANDMISSIONSYS,NORTHROPGRUMMANSYS
OKIDATA,OKIELECINDUSTRY
OMRONAUTOMOTIVEELECTRONICKOREA,OMRON
OMRONTATEISIELECTRONICS,OMRON
ORACLESYS,ORACLEINT
ORACLEUS,ORACLEINT
KONINKLIJKEPHILLIPS,PHILIPS
PHILIPSELECTRONICSNAM,PHILIPS
PPGINDOHIO,PPGTECH
RAYTHEONCAN,RAYTHEONTECH
RENESASMOBILE,RENESASELECTRONICS
RENESASTECH,RENESASELECTRONICS
ROBATELSLPI,ROBATEL
SAMSUNGELECTRONDEVICES,SAMSUNGELECTRONICS
SAMSUNGFINECHEM,SAMSUNGELECTRONICS
SAMSUNGGWANGJUELECTRONICS,SAMSUNGELECTRONICS
SAMSUNGKWANGJUELECTRONICS,SAMSUNGELECTRONICS
COMPTEURSSCHLUMBERGER,SCHLUMBERGERTECH
SCHLUMBERGERINDSAS,SCHLUMBERGERTECH
SEIKOEPSON,SEIKO
SHELLDEV,SHELLOIL
SHELLINTERNATIONALERESEARCHMAATSCHAPPIJ,SHELLOIL
SHELLOFFSHORE,SHELLOIL
SHELLRESEARCH,SHELLOIL
SHOWASHELLSEKIYU,SHELLOIL
SHINETSUHANDOTAI,SHINETSUCHEM
SHINETSUPOLYMER,SHINETSUCHEM
SHINETSUQUARTZPROD,SHINETSUCHEM
SIEMENSBENDIXAUTOMOTIVEELECTRONICS,SIEMENS
SIEMENSINDUSTRYSOFTWARE,SIEMENS
SIEMENSPRODUCTLIFECYCLEMGMTSOFTWARE,SIEMENS
SIEMENSVAIMETALSTECH,SIEMENS
SONYELECTRONICS,SONY
SONYMOBILECOMM,SONY
SPERRYRANDFORDINSTR,SPERRY
SPRINTSPECTRUM,SPRINTCOMM
SUMITOMOPRECISIONPROD,SUMITOMO
TDKELECTRONCIS,TDK
TDKELECTRONICS,TDK
TDKMICRONAS,TDK
TDKTAIWAN,TDK
KAUTEXTEXTRON,TEXTRON
TOYOTABOSHOKU,TOYOTAJIDOSHA
TOYOTACENTRALRANDDLAB,TOYOTAJIDOSHA
TOYOTACHUOKENKYUSHO,TOYOTAJIDOSHA
TOYOTAIND,TOYOTAJIDOSHA
TOYOTAJIDOSHOKKI,TOYOTAJIDOSHA
TOYOTAMOTOR,TOYOTAJIDOSHA
TOYOTARESEARCHINSTITUTE,TOYOTAJIDOSHA
TOYOTASHATAI,TOYOTAJIDOSHA
UNITEDTECHAUTOMOTIVE,UNITEDTECH
UNIVERSALOILPROD,UOP
VALEOCOMFORTANDDRIVINGASSISTANCE,VALEO
VERIZONBUSINESSGLOBAL,VERIZONPATENT
VERIZONCORPORATESVCSGP,VERIZONPATENT
VERIZONDATASVCS,VERIZONPATENT
VERIZONDIGITALMEDIASVCS,VERIZONPATENT
VERIZONMEDIA,VERIZONPATENT
WESTINGHOUSEBRAKEANDSIGNAL,WESTINGHOUSEAIRBRAKETECH
WESTINGHOUSEFREINSANDSIGNAUX,WESTINGHOUSEAIRBRAKETECH
WESTINGHOUSECAN,WESTINGHOUSEELEC
WESTINGHOUSESAVANNAHRIVER,WESTINGHOUSEELEC
WESTINGHOUSEXRAY,WESTINGHOUSEELEC
